DateKey,Date,Day,Month,MonthShort,MonthNo,Quarter,Year
20200101,1/01/20,Wednesday,January,Jan,1,1,2020
20200102,1/02/20,Thursday,January,Jan,1,1,2020
20200103,1/03/20,Friday,January,Jan,1,1,2020
20200104,1/04/20,Saturday,January,Jan,1,1,2020
20200105,1/05/20,Sunday,January,Jan,1,1,2020
20200106,1/06/20,Monday,January,Jan,1,1,2020
20200107,1/07/20,Tuesday,January,Jan,1,1,2020
20200108,1/08/20,Wednesday,January,Jan,1,1,2020
20200109,1/09/20,Thursday,January,Jan,1,1,2020
20200110,1/10/20,Friday,January,Jan,1,1,2020
20200111,1/11/20,Saturday,January,Jan,1,1,2020
20200112,1/12/20,Sunday,January,Jan,1,1,2020
20200113,1/13/20,Monday,January,Jan,1,1,2020
20200114,1/14/20,Tuesday,January,Jan,1,1,2020
20200115,1/15/20,Wednesday,January,Jan,1,1,2020
20200116,1/16/20,Thursday,January,Jan,1,1,2020
20200117,1/17/20,Friday,January,Jan,1,1,2020
20200118,1/18/20,Saturday,January,Jan,1,1,2020
20200119,1/19/20,Sunday,January,Jan,1,1,2020
20200120,1/20/20,Monday,January,Jan,1,1,2020
20200121,1/21/20,Tuesday,January,Jan,1,1,2020
20200122,1/22/20,Wednesday,January,Jan,1,1,2020
20200123,1/23/20,Thursday,January,Jan,1,1,2020
20200124,1/24/20,Friday,January,Jan,1,1,2020
20200125,1/25/20,Saturday,January,Jan,1,1,2020
20200126,1/26/20,Sunday,January,Jan,1,1,2020
20200127,1/27/20,Monday,January,Jan,1,1,2020
20200128,1/28/20,Tuesday,January,Jan,1,1,2020
20200129,1/29/20,Wednesday,January,Jan,1,1,2020
20200130,1/30/20,Thursday,January,Jan,1,1,2020
20200131,1/31/20,Friday,January,Jan,1,1,2020
20200201,2/01/20,Saturday,February,Feb,2,1,2020
20200202,2/02/20,Sunday,February,Feb,2,1,2020
20200203,2/03/20,Monday,February,Feb,2,1,2020
20200204,2/04/20,Tuesday,February,Feb,2,1,2020
20200205,2/05/20,Wednesday,February,Feb,2,1,2020
20200206,2/06/20,Thursday,February,Feb,2,1,2020
20200207,2/07/20,Friday,February,Feb,2,1,2020
20200208,2/08/20,Saturday,February,Feb,2,1,2020
20200209,2/09/20,Sunday,February,Feb,2,1,2020
20200210,2/10/20,Monday,February,Feb,2,1,2020
20200211,2/11/20,Tuesday,February,Feb,2,1,2020
20200212,2/12/20,Wednesday,February,Feb,2,1,2020
20200213,2/13/20,Thursday,February,Feb,2,1,2020
20200214,2/14/20,Friday,February,Feb,2,1,2020
20200215,2/15/20,Saturday,February,Feb,2,1,2020
20200216,2/16/20,Sunday,February,Feb,2,1,2020
20200217,2/17/20,Monday,February,Feb,2,1,2020
20200218,2/18/20,Tuesday,February,Feb,2,1,2020
20200219,2/19/20,Wednesday,February,Feb,2,1,2020
20200220,2/20/20,Thursday,February,Feb,2,1,2020
20200221,2/21/20,Friday,February,Feb,2,1,2020
20200222,2/22/20,Saturday,February,Feb,2,1,2020
20200223,2/23/20,Sunday,February,Feb,2,1,2020
20200224,2/24/20,Monday,February,Feb,2,1,2020
20200225,2/25/20,Tuesday,February,Feb,2,1,2020
20200226,2/26/20,Wednesday,February,Feb,2,1,2020
20200227,2/27/20,Thursday,February,Feb,2,1,2020
20200228,2/28/20,Friday,February,Feb,2,1,2020
20200229,2/29/20,Saturday,February,Feb,2,1,2020
20200301,3/01/20,Sunday,March,Mar,3,1,2020
20200302,3/02/20,Monday,March,Mar,3,1,2020
20200303,3/03/20,Tuesday,March,Mar,3,1,2020
20200304,3/04/20,Wednesday,March,Mar,3,1,2020
20200305,3/05/20,Thursday,March,Mar,3,1,2020
20200306,3/06/20,Friday,March,Mar,3,1,2020
20200307,3/07/20,Saturday,March,Mar,3,1,2020
20200308,3/08/20,Sunday,March,Mar,3,1,2020
20200309,3/09/20,Monday,March,Mar,3,1,2020
20200310,3/10/20,Tuesday,March,Mar,3,1,2020
20200311,3/11/20,Wednesday,March,Mar,3,1,2020
20200312,3/12/20,Thursday,March,Mar,3,1,2020
20200313,3/13/20,Friday,March,Mar,3,1,2020
20200314,3/14/20,Saturday,March,Mar,3,1,2020
20200315,3/15/20,Sunday,March,Mar,3,1,2020
20200316,3/16/20,Monday,March,Mar,3,1,2020
20200317,3/17/20,Tuesday,March,Mar,3,1,2020
20200318,3/18/20,Wednesday,March,Mar,3,1,2020
20200319,3/19/20,Thursday,March,Mar,3,1,2020
20200320,3/20/20,Friday,March,Mar,3,1,2020
20200321,3/21/20,Saturday,March,Mar,3,1,2020
20200322,3/22/20,Sunday,March,Mar,3,1,2020
20200323,3/23/20,Monday,March,Mar,3,1,2020
20200324,3/24/20,Tuesday,March,Mar,3,1,2020
20200325,3/25/20,Wednesday,March,Mar,3,1,2020
20200326,3/26/20,Thursday,March,Mar,3,1,2020
20200327,3/27/20,Friday,March,Mar,3,1,2020
20200328,3/28/20,Saturday,March,Mar,3,1,2020
20200329,3/29/20,Sunday,March,Mar,3,1,2020
20200330,3/30/20,Monday,March,Mar,3,1,2020
20200331,3/31/20,Tuesday,March,Mar,3,1,2020
20200401,4/01/20,Wednesday,April,Apr,4,2,2020
20200402,4/02/20,Thursday,April,Apr,4,2,2020
20200403,4/03/20,Friday,April,Apr,4,2,2020
20200404,4/04/20,Saturday,April,Apr,4,2,2020
20200405,4/05/20,Sunday,April,Apr,4,2,2020
20200406,4/06/20,Monday,April,Apr,4,2,2020
20200407,4/07/20,Tuesday,April,Apr,4,2,2020
20200408,4/08/20,Wednesday,April,Apr,4,2,2020
20200409,4/09/20,Thursday,April,Apr,4,2,2020
20200410,4/10/20,Friday,April,Apr,4,2,2020
20200411,4/11/20,Saturday,April,Apr,4,2,2020
20200412,4/12/20,Sunday,April,Apr,4,2,2020
20200413,4/13/20,Monday,April,Apr,4,2,2020
20200414,4/14/20,Tuesday,April,Apr,4,2,2020
20200415,4/15/20,Wednesday,April,Apr,4,2,2020
20200416,4/16/20,Thursday,April,Apr,4,2,2020
20200417,4/17/20,Friday,April,Apr,4,2,2020
20200418,4/18/20,Saturday,April,Apr,4,2,2020
20200419,4/19/20,Sunday,April,Apr,4,2,2020
20200420,4/20/20,Monday,April,Apr,4,2,2020
20200421,4/21/20,Tuesday,April,Apr,4,2,2020
20200422,4/22/20,Wednesday,April,Apr,4,2,2020
20200423,4/23/20,Thursday,April,Apr,4,2,2020
20200424,4/24/20,Friday,April,Apr,4,2,2020
20200425,4/25/20,Saturday,April,Apr,4,2,2020
20200426,4/26/20,Sunday,April,Apr,4,2,2020
20200427,4/27/20,Monday,April,Apr,4,2,2020
20200428,4/28/20,Tuesday,April,Apr,4,2,2020
20200429,4/29/20,Wednesday,April,Apr,4,2,2020
20200430,4/30/20,Thursday,April,Apr,4,2,2020
20200501,5/01/20,Friday,May,May,5,2,2020
20200502,5/02/20,Saturday,May,May,5,2,2020
20200503,5/03/20,Sunday,May,May,5,2,2020
20200504,5/04/20,Monday,May,May,5,2,2020
20200505,5/05/20,Tuesday,May,May,5,2,2020
20200506,5/06/20,Wednesday,May,May,5,2,2020
20200507,5/07/20,Thursday,May,May,5,2,2020
20200508,5/08/20,Friday,May,May,5,2,2020
20200509,5/09/20,Saturday,May,May,5,2,2020
20200510,5/10/20,Sunday,May,May,5,2,2020
20200511,5/11/20,Monday,May,May,5,2,2020
20200512,5/12/20,Tuesday,May,May,5,2,2020
20200513,5/13/20,Wednesday,May,May,5,2,2020
20200514,5/14/20,Thursday,May,May,5,2,2020
20200515,5/15/20,Friday,May,May,5,2,2020
20200516,5/16/20,Saturday,May,May,5,2,2020
20200517,5/17/20,Sunday,May,May,5,2,2020
20200518,5/18/20,Monday,May,May,5,2,2020
20200519,5/19/20,Tuesday,May,May,5,2,2020
20200520,5/20/20,Wednesday,May,May,5,2,2020
20200521,5/21/20,Thursday,May,May,5,2,2020
20200522,5/22/20,Friday,May,May,5,2,2020
20200523,5/23/20,Saturday,May,May,5,2,2020
20200524,5/24/20,Sunday,May,May,5,2,2020
20200525,5/25/20,Monday,May,May,5,2,2020
20200526,5/26/20,Tuesday,May,May,5,2,2020
20200527,5/27/20,Wednesday,May,May,5,2,2020
20200528,5/28/20,Thursday,May,May,5,2,2020
20200529,5/29/20,Friday,May,May,5,2,2020
20200530,5/30/20,Saturday,May,May,5,2,2020
20200531,5/31/20,Sunday,May,May,5,2,2020
20200601,6/01/20,Monday,June,Jun,6,2,2020
20200602,6/02/20,Tuesday,June,Jun,6,2,2020
20200603,6/03/20,Wednesday,June,Jun,6,2,2020
20200604,6/04/20,Thursday,June,Jun,6,2,2020
20200605,6/05/20,Friday,June,Jun,6,2,2020
20200606,6/06/20,Saturday,June,Jun,6,2,2020
20200607,6/07/20,Sunday,June,Jun,6,2,2020
20200608,6/08/20,Monday,June,Jun,6,2,2020
20200609,6/09/20,Tuesday,June,Jun,6,2,2020
20200610,6/10/20,Wednesday,June,Jun,6,2,2020
20200611,6/11/20,Thursday,June,Jun,6,2,2020
20200612,6/12/20,Friday,June,Jun,6,2,2020
20200613,6/13/20,Saturday,June,Jun,6,2,2020
20200614,6/14/20,Sunday,June,Jun,6,2,2020
20200615,6/15/20,Monday,June,Jun,6,2,2020
20200616,6/16/20,Tuesday,June,Jun,6,2,2020
20200617,6/17/20,Wednesday,June,Jun,6,2,2020
20200618,6/18/20,Thursday,June,Jun,6,2,2020
20200619,6/19/20,Friday,June,Jun,6,2,2020
20200620,6/20/20,Saturday,June,Jun,6,2,2020
20200621,6/21/20,Sunday,June,Jun,6,2,2020
20200622,6/22/20,Monday,June,Jun,6,2,2020
20200623,6/23/20,Tuesday,June,Jun,6,2,2020
20200624,6/24/20,Wednesday,June,Jun,6,2,2020
20200625,6/25/20,Thursday,June,Jun,6,2,2020
20200626,6/26/20,Friday,June,Jun,6,2,2020
20200627,6/27/20,Saturday,June,Jun,6,2,2020
20200628,6/28/20,Sunday,June,Jun,6,2,2020
20200629,6/29/20,Monday,June,Jun,6,2,2020
20200630,6/30/20,Tuesday,June,Jun,6,2,2020
20200701,7/01/20,Wednesday,July,Jul,7,3,2020
20200702,7/02/20,Thursday,July,Jul,7,3,2020
20200703,7/03/20,Friday,July,Jul,7,3,2020
20200704,7/04/20,Saturday,July,Jul,7,3,2020
20200705,7/05/20,Sunday,July,Jul,7,3,2020
20200706,7/06/20,Monday,July,Jul,7,3,2020
20200707,7/07/20,Tuesday,July,Jul,7,3,2020
20200708,7/08/20,Wednesday,July,Jul,7,3,2020
20200709,7/09/20,Thursday,July,Jul,7,3,2020
20200710,7/10/20,Friday,July,Jul,7,3,2020
20200711,7/11/20,Saturday,July,Jul,7,3,2020
20200712,7/12/20,Sunday,July,Jul,7,3,2020
20200713,7/13/20,Monday,July,Jul,7,3,2020
20200714,7/14/20,Tuesday,July,Jul,7,3,2020
20200715,7/15/20,Wednesday,July,Jul,7,3,2020
20200716,7/16/20,Thursday,July,Jul,7,3,2020
20200717,7/17/20,Friday,July,Jul,7,3,2020
20200718,7/18/20,Saturday,July,Jul,7,3,2020
20200719,7/19/20,Sunday,July,Jul,7,3,2020
20200720,7/20/20,Monday,July,Jul,7,3,2020
20200721,7/21/20,Tuesday,July,Jul,7,3,2020
20200722,7/22/20,Wednesday,July,Jul,7,3,2020
20200723,7/23/20,Thursday,July,Jul,7,3,2020
20200724,7/24/20,Friday,July,Jul,7,3,2020
20200725,7/25/20,Saturday,July,Jul,7,3,2020
20200726,7/26/20,Sunday,July,Jul,7,3,2020
20200727,7/27/20,Monday,July,Jul,7,3,2020
20200728,7/28/20,Tuesday,July,Jul,7,3,2020
20200729,7/29/20,Wednesday,July,Jul,7,3,2020
20200730,7/30/20,Thursday,July,Jul,7,3,2020
20200731,7/31/20,Friday,July,Jul,7,3,2020
20200801,8/01/20,Saturday,August,Aug,8,3,2020
20200802,8/02/20,Sunday,August,Aug,8,3,2020
20200803,8/03/20,Monday,August,Aug,8,3,2020
20200804,8/04/20,Tuesday,August,Aug,8,3,2020
20200805,8/05/20,Wednesday,August,Aug,8,3,2020
20200806,8/06/20,Thursday,August,Aug,8,3,2020
20200807,8/07/20,Friday,August,Aug,8,3,2020
20200808,8/08/20,Saturday,August,Aug,8,3,2020
20200809,8/09/20,Sunday,August,Aug,8,3,2020
20200810,8/10/20,Monday,August,Aug,8,3,2020
20200811,8/11/20,Tuesday,August,Aug,8,3,2020
20200812,8/12/20,Wednesday,August,Aug,8,3,2020
20200813,8/13/20,Thursday,August,Aug,8,3,2020
20200814,8/14/20,Friday,August,Aug,8,3,2020
20200815,8/15/20,Saturday,August,Aug,8,3,2020
20200816,8/16/20,Sunday,August,Aug,8,3,2020
20200817,8/17/20,Monday,August,Aug,8,3,2020
20200818,8/18/20,Tuesday,August,Aug,8,3,2020
20200819,8/19/20,Wednesday,August,Aug,8,3,2020
20200820,8/20/20,Thursday,August,Aug,8,3,2020
20200821,8/21/20,Friday,August,Aug,8,3,2020
20200822,8/22/20,Saturday,August,Aug,8,3,2020
20200823,8/23/20,Sunday,August,Aug,8,3,2020
20200824,8/24/20,Monday,August,Aug,8,3,2020
20200825,8/25/20,Tuesday,August,Aug,8,3,2020
20200826,8/26/20,Wednesday,August,Aug,8,3,2020
20200827,8/27/20,Thursday,August,Aug,8,3,2020
20200828,8/28/20,Friday,August,Aug,8,3,2020
20200829,8/29/20,Saturday,August,Aug,8,3,2020
20200830,8/30/20,Sunday,August,Aug,8,3,2020
20200831,8/31/20,Monday,August,Aug,8,3,2020
20200901,9/01/20,Tuesday,September,Sep,9,3,2020
20200902,9/02/20,Wednesday,September,Sep,9,3,2020
20200903,9/03/20,Thursday,September,Sep,9,3,2020
20200904,9/04/20,Friday,September,Sep,9,3,2020
20200905,9/05/20,Saturday,September,Sep,9,3,2020
20200906,9/06/20,Sunday,September,Sep,9,3,2020
20200907,9/07/20,Monday,September,Sep,9,3,2020
20200908,9/08/20,Tuesday,September,Sep,9,3,2020
20200909,9/09/20,Wednesday,September,Sep,9,3,2020
20200910,9/10/20,Thursday,September,Sep,9,3,2020
20200911,9/11/20,Friday,September,Sep,9,3,2020
20200912,9/12/20,Saturday,September,Sep,9,3,2020
20200913,9/13/20,Sunday,September,Sep,9,3,2020
20200914,9/14/20,Monday,September,Sep,9,3,2020
20200915,9/15/20,Tuesday,September,Sep,9,3,2020
20200916,9/16/20,Wednesday,September,Sep,9,3,2020
20200917,9/17/20,Thursday,September,Sep,9,3,2020
20200918,9/18/20,Friday,September,Sep,9,3,2020
20200919,9/19/20,Saturday,September,Sep,9,3,2020
20200920,9/20/20,Sunday,September,Sep,9,3,2020
20200921,9/21/20,Monday,September,Sep,9,3,2020
20200922,9/22/20,Tuesday,September,Sep,9,3,2020
20200923,9/23/20,Wednesday,September,Sep,9,3,2020
20200924,9/24/20,Thursday,September,Sep,9,3,2020
20200925,9/25/20,Friday,September,Sep,9,3,2020
20200926,9/26/20,Saturday,September,Sep,9,3,2020
20200927,9/27/20,Sunday,September,Sep,9,3,2020
20200928,9/28/20,Monday,September,Sep,9,3,2020
20200929,9/29/20,Tuesday,September,Sep,9,3,2020
20200930,9/30/20,Wednesday,September,Sep,9,3,2020
20201001,10/01/20,Thursday,October,Oct,10,4,2020
20201002,10/02/20,Friday,October,Oct,10,4,2020
20201003,10/03/20,Saturday,October,Oct,10,4,2020
20201004,10/04/20,Sunday,October,Oct,10,4,2020
20201005,10/05/20,Monday,October,Oct,10,4,2020
20201006,10/06/20,Tuesday,October,Oct,10,4,2020
20201007,10/07/20,Wednesday,October,Oct,10,4,2020
20201008,10/08/20,Thursday,October,Oct,10,4,2020
20201009,10/09/20,Friday,October,Oct,10,4,2020
20201010,10/10/20,Saturday,October,Oct,10,4,2020
20201011,10/11/20,Sunday,October,Oct,10,4,2020
20201012,10/12/20,Monday,October,Oct,10,4,2020
20201013,10/13/20,Tuesday,October,Oct,10,4,2020
20201014,10/14/20,Wednesday,October,Oct,10,4,2020
20201015,10/15/20,Thursday,October,Oct,10,4,2020
20201016,10/16/20,Friday,October,Oct,10,4,2020
20201017,10/17/20,Saturday,October,Oct,10,4,2020
20201018,10/18/20,Sunday,October,Oct,10,4,2020
20201019,10/19/20,Monday,October,Oct,10,4,2020
20201020,10/20/20,Tuesday,October,Oct,10,4,2020
20201021,10/21/20,Wednesday,October,Oct,10,4,2020
20201022,10/22/20,Thursday,October,Oct,10,4,2020
20201023,10/23/20,Friday,October,Oct,10,4,2020
20201024,10/24/20,Saturday,October,Oct,10,4,2020
20201025,10/25/20,Sunday,October,Oct,10,4,2020
20201026,10/26/20,Monday,October,Oct,10,4,2020
20201027,10/27/20,Tuesday,October,Oct,10,4,2020
20201028,10/28/20,Wednesday,October,Oct,10,4,2020
20201029,10/29/20,Thursday,October,Oct,10,4,2020
20201030,10/30/20,Friday,October,Oct,10,4,2020
20201031,10/31/20,Saturday,October,Oct,10,4,2020
20201101,11/01/20,Sunday,November,Nov,11,4,2020
20201102,11/02/20,Monday,November,Nov,11,4,2020
20201103,11/03/20,Tuesday,November,Nov,11,4,2020
20201104,11/04/20,Wednesday,November,Nov,11,4,2020
20201105,11/05/20,Thursday,November,Nov,11,4,2020
20201106,11/06/20,Friday,November,Nov,11,4,2020
20201107,11/07/20,Saturday,November,Nov,11,4,2020
20201108,11/08/20,Sunday,November,Nov,11,4,2020
20201109,11/09/20,Monday,November,Nov,11,4,2020
20201110,11/10/20,Tuesday,November,Nov,11,4,2020
20201111,11/11/20,Wednesday,November,Nov,11,4,2020
20201112,11/12/20,Thursday,November,Nov,11,4,2020
20201113,11/13/20,Friday,November,Nov,11,4,2020
20201114,11/14/20,Saturday,November,Nov,11,4,2020
20201115,11/15/20,Sunday,November,Nov,11,4,2020
20201116,11/16/20,Monday,November,Nov,11,4,2020
20201117,11/17/20,Tuesday,November,Nov,11,4,2020
20201118,11/18/20,Wednesday,November,Nov,11,4,2020
20201119,11/19/20,Thursday,November,Nov,11,4,2020
20201120,11/20/20,Friday,November,Nov,11,4,2020
20201121,11/21/20,Saturday,November,Nov,11,4,2020
20201122,11/22/20,Sunday,November,Nov,11,4,2020
20201123,11/23/20,Monday,November,Nov,11,4,2020
20201124,11/24/20,Tuesday,November,Nov,11,4,2020
20201125,11/25/20,Wednesday,November,Nov,11,4,2020
20201126,11/26/20,Thursday,November,Nov,11,4,2020
20201127,11/27/20,Friday,November,Nov,11,4,2020
20201128,11/28/20,Saturday,November,Nov,11,4,2020
20201129,11/29/20,Sunday,November,Nov,11,4,2020
20201130,11/30/20,Monday,November,Nov,11,4,2020
20201201,12/01/20,Tuesday,December,Dec,12,4,2020
20201202,12/02/20,Wednesday,December,Dec,12,4,2020
20201203,12/03/20,Thursday,December,Dec,12,4,2020
20201204,12/04/20,Friday,December,Dec,12,4,2020
20201205,12/05/20,Saturday,December,Dec,12,4,2020
20201206,12/06/20,Sunday,December,Dec,12,4,2020
20201207,12/07/20,Monday,December,Dec,12,4,2020
20201208,12/08/20,Tuesday,December,Dec,12,4,2020
20201209,12/09/20,Wednesday,December,Dec,12,4,2020
20201210,12/10/20,Thursday,December,Dec,12,4,2020
20201211,12/11/20,Friday,December,Dec,12,4,2020
20201212,12/12/20,Saturday,December,Dec,12,4,2020
20201213,12/13/20,Sunday,December,Dec,12,4,2020
20201214,12/14/20,Monday,December,Dec,12,4,2020
20201215,12/15/20,Tuesday,December,Dec,12,4,2020
20201216,12/16/20,Wednesday,December,Dec,12,4,2020
20201217,12/17/20,Thursday,December,Dec,12,4,2020
20201218,12/18/20,Friday,December,Dec,12,4,2020
20201219,12/19/20,Saturday,December,Dec,12,4,2020
20201220,12/20/20,Sunday,December,Dec,12,4,2020
20201221,12/21/20,Monday,December,Dec,12,4,2020
20201222,12/22/20,Tuesday,December,Dec,12,4,2020
20201223,12/23/20,Wednesday,December,Dec,12,4,2020
20201224,12/24/20,Thursday,December,Dec,12,4,2020
20201225,12/25/20,Friday,December,Dec,12,4,2020
20201226,12/26/20,Saturday,December,Dec,12,4,2020
20201227,12/27/20,Sunday,December,Dec,12,4,2020
20201228,12/28/20,Monday,December,Dec,12,4,2020
20201229,12/29/20,Tuesday,December,Dec,12,4,2020
20201230,12/30/20,Wednesday,December,Dec,12,4,2020
20201231,12/31/20,Thursday,December,Dec,12,4,2020
20210101,1/01/21,Friday,January,Jan,1,1,2021
20210102,1/02/21,Saturday,January,Jan,1,1,2021
20210103,1/03/21,Sunday,January,Jan,1,1,2021
20210104,1/04/21,Monday,January,Jan,1,1,2021
20210105,1/05/21,Tuesday,January,Jan,1,1,2021
20210106,1/06/21,Wednesday,January,Jan,1,1,2021
20210107,1/07/21,Thursday,January,Jan,1,1,2021
20210108,1/08/21,Friday,January,Jan,1,1,2021
20210109,1/09/21,Saturday,January,Jan,1,1,2021
20210110,1/10/21,Sunday,January,Jan,1,1,2021
20210111,1/11/21,Monday,January,Jan,1,1,2021
20210112,1/12/21,Tuesday,January,Jan,1,1,2021
20210113,1/13/21,Wednesday,January,Jan,1,1,2021
20210114,1/14/21,Thursday,January,Jan,1,1,2021
20210115,1/15/21,Friday,January,Jan,1,1,2021
20210116,1/16/21,Saturday,January,Jan,1,1,2021
20210117,1/17/21,Sunday,January,Jan,1,1,2021
20210118,1/18/21,Monday,January,Jan,1,1,2021
20210119,1/19/21,Tuesday,January,Jan,1,1,2021
20210120,1/20/21,Wednesday,January,Jan,1,1,2021
20210121,1/21/21,Thursday,January,Jan,1,1,2021
20210122,1/22/21,Friday,January,Jan,1,1,2021
20210123,1/23/21,Saturday,January,Jan,1,1,2021
20210124,1/24/21,Sunday,January,Jan,1,1,2021
20210125,1/25/21,Monday,January,Jan,1,1,2021
20210126,1/26/21,Tuesday,January,Jan,1,1,2021
20210127,1/27/21,Wednesday,January,Jan,1,1,2021
20210128,1/28/21,Thursday,January,Jan,1,1,2021
20210129,1/29/21,Friday,January,Jan,1,1,2021
20210130,1/30/21,Saturday,January,Jan,1,1,2021
20210131,1/31/21,Sunday,January,Jan,1,1,2021
20210201,2/01/21,Monday,February,Feb,2,1,2021
20210202,2/02/21,Tuesday,February,Feb,2,1,2021
20210203,2/03/21,Wednesday,February,Feb,2,1,2021
20210204,2/04/21,Thursday,February,Feb,2,1,2021
20210205,2/05/21,Friday,February,Feb,2,1,2021
20210206,2/06/21,Saturday,February,Feb,2,1,2021
20210207,2/07/21,Sunday,February,Feb,2,1,2021
20210208,2/08/21,Monday,February,Feb,2,1,2021
20210209,2/09/21,Tuesday,February,Feb,2,1,2021
20210210,2/10/21,Wednesday,February,Feb,2,1,2021
20210211,2/11/21,Thursday,February,Feb,2,1,2021
20210212,2/12/21,Friday,February,Feb,2,1,2021
20210213,2/13/21,Saturday,February,Feb,2,1,2021
20210214,2/14/21,Sunday,February,Feb,2,1,2021
20210215,2/15/21,Monday,February,Feb,2,1,2021
20210216,2/16/21,Tuesday,February,Feb,2,1,2021
20210217,2/17/21,Wednesday,February,Feb,2,1,2021
20210218,2/18/21,Thursday,February,Feb,2,1,2021
20210219,2/19/21,Friday,February,Feb,2,1,2021
20210220,2/20/21,Saturday,February,Feb,2,1,2021
20210221,2/21/21,Sunday,February,Feb,2,1,2021
20210222,2/22/21,Monday,February,Feb,2,1,2021
20210223,2/23/21,Tuesday,February,Feb,2,1,2021
20210224,2/24/21,Wednesday,February,Feb,2,1,2021
20210225,2/25/21,Thursday,February,Feb,2,1,2021
20210226,2/26/21,Friday,February,Feb,2,1,2021
20210227,2/27/21,Saturday,February,Feb,2,1,2021
20210228,2/28/21,Sunday,February,Feb,2,1,2021
20210301,3/01/21,Monday,March,Mar,3,1,2021
20210302,3/02/21,Tuesday,March,Mar,3,1,2021
20210303,3/03/21,Wednesday,March,Mar,3,1,2021
20210304,3/04/21,Thursday,March,Mar,3,1,2021
20210305,3/05/21,Friday,March,Mar,3,1,2021
20210306,3/06/21,Saturday,March,Mar,3,1,2021
20210307,3/07/21,Sunday,March,Mar,3,1,2021
20210308,3/08/21,Monday,March,Mar,3,1,2021
20210309,3/09/21,Tuesday,March,Mar,3,1,2021
20210310,3/10/21,Wednesday,March,Mar,3,1,2021
20210311,3/11/21,Thursday,March,Mar,3,1,2021
20210312,3/12/21,Friday,March,Mar,3,1,2021
20210313,3/13/21,Saturday,March,Mar,3,1,2021
20210314,3/14/21,Sunday,March,Mar,3,1,2021
20210315,3/15/21,Monday,March,Mar,3,1,2021
20210316,3/16/21,Tuesday,March,Mar,3,1,2021
20210317,3/17/21,Wednesday,March,Mar,3,1,2021
20210318,3/18/21,Thursday,March,Mar,3,1,2021
20210319,3/19/21,Friday,March,Mar,3,1,2021
20210320,3/20/21,Saturday,March,Mar,3,1,2021
20210321,3/21/21,Sunday,March,Mar,3,1,2021
20210322,3/22/21,Monday,March,Mar,3,1,2021
20210323,3/23/21,Tuesday,March,Mar,3,1,2021
20210324,3/24/21,Wednesday,March,Mar,3,1,2021
20210325,3/25/21,Thursday,March,Mar,3,1,2021
20210326,3/26/21,Friday,March,Mar,3,1,2021
20210327,3/27/21,Saturday,March,Mar,3,1,2021
20210328,3/28/21,Sunday,March,Mar,3,1,2021
20210329,3/29/21,Monday,March,Mar,3,1,2021
20210330,3/30/21,Tuesday,March,Mar,3,1,2021
20210331,3/31/21,Wednesday,March,Mar,3,1,2021
20210401,4/01/21,Thursday,April,Apr,4,2,2021
20210402,4/02/21,Friday,April,Apr,4,2,2021
20210403,4/03/21,Saturday,April,Apr,4,2,2021
20210404,4/04/21,Sunday,April,Apr,4,2,2021
20210405,4/05/21,Monday,April,Apr,4,2,2021
20210406,4/06/21,Tuesday,April,Apr,4,2,2021
20210407,4/07/21,Wednesday,April,Apr,4,2,2021
20210408,4/08/21,Thursday,April,Apr,4,2,2021
20210409,4/09/21,Friday,April,Apr,4,2,2021
20210410,4/10/21,Saturday,April,Apr,4,2,2021
20210411,4/11/21,Sunday,April,Apr,4,2,2021
20210412,4/12/21,Monday,April,Apr,4,2,2021
20210413,4/13/21,Tuesday,April,Apr,4,2,2021
20210414,4/14/21,Wednesday,April,Apr,4,2,2021
20210415,4/15/21,Thursday,April,Apr,4,2,2021
20210416,4/16/21,Friday,April,Apr,4,2,2021
20210417,4/17/21,Saturday,April,Apr,4,2,2021
20210418,4/18/21,Sunday,April,Apr,4,2,2021
20210419,4/19/21,Monday,April,Apr,4,2,2021
20210420,4/20/21,Tuesday,April,Apr,4,2,2021
20210421,4/21/21,Wednesday,April,Apr,4,2,2021
20210422,4/22/21,Thursday,April,Apr,4,2,2021
20210423,4/23/21,Friday,April,Apr,4,2,2021
20210424,4/24/21,Saturday,April,Apr,4,2,2021
20210425,4/25/21,Sunday,April,Apr,4,2,2021
20210426,4/26/21,Monday,April,Apr,4,2,2021
20210427,4/27/21,Tuesday,April,Apr,4,2,2021
20210428,4/28/21,Wednesday,April,Apr,4,2,2021
20210429,4/29/21,Thursday,April,Apr,4,2,2021
20210430,4/30/21,Friday,April,Apr,4,2,2021
20210501,5/01/21,Saturday,May,May,5,2,2021
20210502,5/02/21,Sunday,May,May,5,2,2021
20210503,5/03/21,Monday,May,May,5,2,2021
20210504,5/04/21,Tuesday,May,May,5,2,2021
20210505,5/05/21,Wednesday,May,May,5,2,2021
20210506,5/06/21,Thursday,May,May,5,2,2021
20210507,5/07/21,Friday,May,May,5,2,2021
20210508,5/08/21,Saturday,May,May,5,2,2021
20210509,5/09/21,Sunday,May,May,5,2,2021
20210510,5/10/21,Monday,May,May,5,2,2021
20210511,5/11/21,Tuesday,May,May,5,2,2021
20210512,5/12/21,Wednesday,May,May,5,2,2021
20210513,5/13/21,Thursday,May,May,5,2,2021
20210514,5/14/21,Friday,May,May,5,2,2021
20210515,5/15/21,Saturday,May,May,5,2,2021
20210516,5/16/21,Sunday,May,May,5,2,2021
20210517,5/17/21,Monday,May,May,5,2,2021
20210518,5/18/21,Tuesday,May,May,5,2,2021
20210519,5/19/21,Wednesday,May,May,5,2,2021
20210520,5/20/21,Thursday,May,May,5,2,2021
20210521,5/21/21,Friday,May,May,5,2,2021
20210522,5/22/21,Saturday,May,May,5,2,2021
20210523,5/23/21,Sunday,May,May,5,2,2021
20210524,5/24/21,Monday,May,May,5,2,2021
20210525,5/25/21,Tuesday,May,May,5,2,2021
20210526,5/26/21,Wednesday,May,May,5,2,2021
20210527,5/27/21,Thursday,May,May,5,2,2021
20210528,5/28/21,Friday,May,May,5,2,2021
20210529,5/29/21,Saturday,May,May,5,2,2021
20210530,5/30/21,Sunday,May,May,5,2,2021
20210531,5/31/21,Monday,May,May,5,2,2021
20210601,6/01/21,Tuesday,June,Jun,6,2,2021
20210602,6/02/21,Wednesday,June,Jun,6,2,2021
20210603,6/03/21,Thursday,June,Jun,6,2,2021
20210604,6/04/21,Friday,June,Jun,6,2,2021
20210605,6/05/21,Saturday,June,Jun,6,2,2021
20210606,6/06/21,Sunday,June,Jun,6,2,2021
20210607,6/07/21,Monday,June,Jun,6,2,2021
20210608,6/08/21,Tuesday,June,Jun,6,2,2021
20210609,6/09/21,Wednesday,June,Jun,6,2,2021
20210610,6/10/21,Thursday,June,Jun,6,2,2021
20210611,6/11/21,Friday,June,Jun,6,2,2021
20210612,6/12/21,Saturday,June,Jun,6,2,2021
20210613,6/13/21,Sunday,June,Jun,6,2,2021
20210614,6/14/21,Monday,June,Jun,6,2,2021
20210615,6/15/21,Tuesday,June,Jun,6,2,2021
20210616,6/16/21,Wednesday,June,Jun,6,2,2021
20210617,6/17/21,Thursday,June,Jun,6,2,2021
20210618,6/18/21,Friday,June,Jun,6,2,2021
20210619,6/19/21,Saturday,June,Jun,6,2,2021
20210620,6/20/21,Sunday,June,Jun,6,2,2021
20210621,6/21/21,Monday,June,Jun,6,2,2021
20210622,6/22/21,Tuesday,June,Jun,6,2,2021
20210623,6/23/21,Wednesday,June,Jun,6,2,2021
20210624,6/24/21,Thursday,June,Jun,6,2,2021
20210625,6/25/21,Friday,June,Jun,6,2,2021
20210626,6/26/21,Saturday,June,Jun,6,2,2021
20210627,6/27/21,Sunday,June,Jun,6,2,2021
20210628,6/28/21,Monday,June,Jun,6,2,2021
20210629,6/29/21,Tuesday,June,Jun,6,2,2021
20210630,6/30/21,Wednesday,June,Jun,6,2,2021
20210701,7/01/21,Thursday,July,Jul,7,3,2021
20210702,7/02/21,Friday,July,Jul,7,3,2021
20210703,7/03/21,Saturday,July,Jul,7,3,2021
20210704,7/04/21,Sunday,July,Jul,7,3,2021
20210705,7/05/21,Monday,July,Jul,7,3,2021
20210706,7/06/21,Tuesday,July,Jul,7,3,2021
20210707,7/07/21,Wednesday,July,Jul,7,3,2021
20210708,7/08/21,Thursday,July,Jul,7,3,2021
20210709,7/09/21,Friday,July,Jul,7,3,2021
20210710,7/10/21,Saturday,July,Jul,7,3,2021
20210711,7/11/21,Sunday,July,Jul,7,3,2021
20210712,7/12/21,Monday,July,Jul,7,3,2021
20210713,7/13/21,Tuesday,July,Jul,7,3,2021
20210714,7/14/21,Wednesday,July,Jul,7,3,2021
20210715,7/15/21,Thursday,July,Jul,7,3,2021
20210716,7/16/21,Friday,July,Jul,7,3,2021
20210717,7/17/21,Saturday,July,Jul,7,3,2021
20210718,7/18/21,Sunday,July,Jul,7,3,2021
20210719,7/19/21,Monday,July,Jul,7,3,2021
20210720,7/20/21,Tuesday,July,Jul,7,3,2021
20210721,7/21/21,Wednesday,July,Jul,7,3,2021
20210722,7/22/21,Thursday,July,Jul,7,3,2021
20210723,7/23/21,Friday,July,Jul,7,3,2021
20210724,7/24/21,Saturday,July,Jul,7,3,2021
20210725,7/25/21,Sunday,July,Jul,7,3,2021
20210726,7/26/21,Monday,July,Jul,7,3,2021
20210727,7/27/21,Tuesday,July,Jul,7,3,2021
20210728,7/28/21,Wednesday,July,Jul,7,3,2021
20210729,7/29/21,Thursday,July,Jul,7,3,2021
20210730,7/30/21,Friday,July,Jul,7,3,2021
20210731,7/31/21,Saturday,July,Jul,7,3,2021
20210801,8/01/21,Sunday,August,Aug,8,3,2021
20210802,8/02/21,Monday,August,Aug,8,3,2021
20210803,8/03/21,Tuesday,August,Aug,8,3,2021
20210804,8/04/21,Wednesday,August,Aug,8,3,2021
20210805,8/05/21,Thursday,August,Aug,8,3,2021
20210806,8/06/21,Friday,August,Aug,8,3,2021
20210807,8/07/21,Saturday,August,Aug,8,3,2021
20210808,8/08/21,Sunday,August,Aug,8,3,2021
20210809,8/09/21,Monday,August,Aug,8,3,2021
20210810,8/10/21,Tuesday,August,Aug,8,3,2021
20210811,8/11/21,Wednesday,August,Aug,8,3,2021
20210812,8/12/21,Thursday,August,Aug,8,3,2021
20210813,8/13/21,Friday,August,Aug,8,3,2021
20210814,8/14/21,Saturday,August,Aug,8,3,2021
20210815,8/15/21,Sunday,August,Aug,8,3,2021
20210816,8/16/21,Monday,August,Aug,8,3,2021
20210817,8/17/21,Tuesday,August,Aug,8,3,2021
20210818,8/18/21,Wednesday,August,Aug,8,3,2021
20210819,8/19/21,Thursday,August,Aug,8,3,2021
20210820,8/20/21,Friday,August,Aug,8,3,2021
20210821,8/21/21,Saturday,August,Aug,8,3,2021
20210822,8/22/21,Sunday,August,Aug,8,3,2021
20210823,8/23/21,Monday,August,Aug,8,3,2021
20210824,8/24/21,Tuesday,August,Aug,8,3,2021
20210825,8/25/21,Wednesday,August,Aug,8,3,2021
20210826,8/26/21,Thursday,August,Aug,8,3,2021
20210827,8/27/21,Friday,August,Aug,8,3,2021
20210828,8/28/21,Saturday,August,Aug,8,3,2021
20210829,8/29/21,Sunday,August,Aug,8,3,2021
20210830,8/30/21,Monday,August,Aug,8,3,2021
20210831,8/31/21,Tuesday,August,Aug,8,3,2021
20210901,9/01/21,Wednesday,September,Sep,9,3,2021
20210902,9/02/21,Thursday,September,Sep,9,3,2021
20210903,9/03/21,Friday,September,Sep,9,3,2021
20210904,9/04/21,Saturday,September,Sep,9,3,2021
20210905,9/05/21,Sunday,September,Sep,9,3,2021
20210906,9/06/21,Monday,September,Sep,9,3,2021
20210907,9/07/21,Tuesday,September,Sep,9,3,2021
20210908,9/08/21,Wednesday,September,Sep,9,3,2021
20210909,9/09/21,Thursday,September,Sep,9,3,2021
20210910,9/10/21,Friday,September,Sep,9,3,2021
20210911,9/11/21,Saturday,September,Sep,9,3,2021
20210912,9/12/21,Sunday,September,Sep,9,3,2021
20210913,9/13/21,Monday,September,Sep,9,3,2021
20210914,9/14/21,Tuesday,September,Sep,9,3,2021
20210915,9/15/21,Wednesday,September,Sep,9,3,2021
20210916,9/16/21,Thursday,September,Sep,9,3,2021
20210917,9/17/21,Friday,September,Sep,9,3,2021
20210918,9/18/21,Saturday,September,Sep,9,3,2021
20210919,9/19/21,Sunday,September,Sep,9,3,2021
20210920,9/20/21,Monday,September,Sep,9,3,2021
20210921,9/21/21,Tuesday,September,Sep,9,3,2021
20210922,9/22/21,Wednesday,September,Sep,9,3,2021
20210923,9/23/21,Thursday,September,Sep,9,3,2021
20210924,9/24/21,Friday,September,Sep,9,3,2021
20210925,9/25/21,Saturday,September,Sep,9,3,2021
20210926,9/26/21,Sunday,September,Sep,9,3,2021
20210927,9/27/21,Monday,September,Sep,9,3,2021
20210928,9/28/21,Tuesday,September,Sep,9,3,2021
20210929,9/29/21,Wednesday,September,Sep,9,3,2021
20210930,9/30/21,Thursday,September,Sep,9,3,2021
20211001,10/01/21,Friday,October,Oct,10,4,2021
20211002,10/02/21,Saturday,October,Oct,10,4,2021
20211003,10/03/21,Sunday,October,Oct,10,4,2021
20211004,10/04/21,Monday,October,Oct,10,4,2021
20211005,10/05/21,Tuesday,October,Oct,10,4,2021
20211006,10/06/21,Wednesday,October,Oct,10,4,2021
20211007,10/07/21,Thursday,October,Oct,10,4,2021
20211008,10/08/21,Friday,October,Oct,10,4,2021
20211009,10/09/21,Saturday,October,Oct,10,4,2021
20211010,10/10/21,Sunday,October,Oct,10,4,2021
20211011,10/11/21,Monday,October,Oct,10,4,2021
20211012,10/12/21,Tuesday,October,Oct,10,4,2021
20211013,10/13/21,Wednesday,October,Oct,10,4,2021
20211014,10/14/21,Thursday,October,Oct,10,4,2021
20211015,10/15/21,Friday,October,Oct,10,4,2021
20211016,10/16/21,Saturday,October,Oct,10,4,2021
20211017,10/17/21,Sunday,October,Oct,10,4,2021
20211018,10/18/21,Monday,October,Oct,10,4,2021
20211019,10/19/21,Tuesday,October,Oct,10,4,2021
20211020,10/20/21,Wednesday,October,Oct,10,4,2021
20211021,10/21/21,Thursday,October,Oct,10,4,2021
20211022,10/22/21,Friday,October,Oct,10,4,2021
20211023,10/23/21,Saturday,October,Oct,10,4,2021
20211024,10/24/21,Sunday,October,Oct,10,4,2021
20211025,10/25/21,Monday,October,Oct,10,4,2021
20211026,10/26/21,Tuesday,October,Oct,10,4,2021
20211027,10/27/21,Wednesday,October,Oct,10,4,2021
20211028,10/28/21,Thursday,October,Oct,10,4,2021
20211029,10/29/21,Friday,October,Oct,10,4,2021
20211030,10/30/21,Saturday,October,Oct,10,4,2021
20211031,10/31/21,Sunday,October,Oct,10,4,2021
20211101,11/01/21,Monday,November,Nov,11,4,2021
20211102,11/02/21,Tuesday,November,Nov,11,4,2021
20211103,11/03/21,Wednesday,November,Nov,11,4,2021
20211104,11/04/21,Thursday,November,Nov,11,4,2021
20211105,11/05/21,Friday,November,Nov,11,4,2021
20211106,11/06/21,Saturday,November,Nov,11,4,2021
20211107,11/07/21,Sunday,November,Nov,11,4,2021
20211108,11/08/21,Monday,November,Nov,11,4,2021
20211109,11/09/21,Tuesday,November,Nov,11,4,2021
20211110,11/10/21,Wednesday,November,Nov,11,4,2021
20211111,11/11/21,Thursday,November,Nov,11,4,2021
20211112,11/12/21,Friday,November,Nov,11,4,2021
20211113,11/13/21,Saturday,November,Nov,11,4,2021
20211114,11/14/21,Sunday,November,Nov,11,4,2021
20211115,11/15/21,Monday,November,Nov,11,4,2021
20211116,11/16/21,Tuesday,November,Nov,11,4,2021
20211117,11/17/21,Wednesday,November,Nov,11,4,2021
20211118,11/18/21,Thursday,November,Nov,11,4,2021
20211119,11/19/21,Friday,November,Nov,11,4,2021
20211120,11/20/21,Saturday,November,Nov,11,4,2021
20211121,11/21/21,Sunday,November,Nov,11,4,2021
20211122,11/22/21,Monday,November,Nov,11,4,2021
20211123,11/23/21,Tuesday,November,Nov,11,4,2021
20211124,11/24/21,Wednesday,November,Nov,11,4,2021
20211125,11/25/21,Thursday,November,Nov,11,4,2021
20211126,11/26/21,Friday,November,Nov,11,4,2021
20211127,11/27/21,Saturday,November,Nov,11,4,2021
20211128,11/28/21,Sunday,November,Nov,11,4,2021
20211129,11/29/21,Monday,November,Nov,11,4,2021
20211130,11/30/21,Tuesday,November,Nov,11,4,2021
20211201,12/01/21,Wednesday,December,Dec,12,4,2021
20211202,12/02/21,Thursday,December,Dec,12,4,2021
20211203,12/03/21,Friday,December,Dec,12,4,2021
20211204,12/04/21,Saturday,December,Dec,12,4,2021
20211205,12/05/21,Sunday,December,Dec,12,4,2021
20211206,12/06/21,Monday,December,Dec,12,4,2021
20211207,12/07/21,Tuesday,December,Dec,12,4,2021
20211208,12/08/21,Wednesday,December,Dec,12,4,2021
20211209,12/09/21,Thursday,December,Dec,12,4,2021
20211210,12/10/21,Friday,December,Dec,12,4,2021
20211211,12/11/21,Saturday,December,Dec,12,4,2021
20211212,12/12/21,Sunday,December,Dec,12,4,2021
20211213,12/13/21,Monday,December,Dec,12,4,2021
20211214,12/14/21,Tuesday,December,Dec,12,4,2021
20211215,12/15/21,Wednesday,December,Dec,12,4,2021
20211216,12/16/21,Thursday,December,Dec,12,4,2021
20211217,12/17/21,Friday,December,Dec,12,4,2021
20211218,12/18/21,Saturday,December,Dec,12,4,2021
20211219,12/19/21,Sunday,December,Dec,12,4,2021
20211220,12/20/21,Monday,December,Dec,12,4,2021
20211221,12/21/21,Tuesday,December,Dec,12,4,2021
20211222,12/22/21,Wednesday,December,Dec,12,4,2021
20211223,12/23/21,Thursday,December,Dec,12,4,2021
20211224,12/24/21,Friday,December,Dec,12,4,2021
20211225,12/25/21,Saturday,December,Dec,12,4,2021
20211226,12/26/21,Sunday,December,Dec,12,4,2021
20211227,12/27/21,Monday,December,Dec,12,4,2021
20211228,12/28/21,Tuesday,December,Dec,12,4,2021
20211229,12/29/21,Wednesday,December,Dec,12,4,2021
20211230,12/30/21,Thursday,December,Dec,12,4,2021
20211231,12/31/21,Friday,December,Dec,12,4,2021
20220101,1/01/22,Saturday,January,Jan,1,1,2022
20220102,1/02/22,Sunday,January,Jan,1,1,2022
20220103,1/03/22,Monday,January,Jan,1,1,2022
20220104,1/04/22,Tuesday,January,Jan,1,1,2022
20220105,1/05/22,Wednesday,January,Jan,1,1,2022
20220106,1/06/22,Thursday,January,Jan,1,1,2022
20220107,1/07/22,Friday,January,Jan,1,1,2022
20220108,1/08/22,Saturday,January,Jan,1,1,2022
20220109,1/09/22,Sunday,January,Jan,1,1,2022
20220110,1/10/22,Monday,January,Jan,1,1,2022
20220111,1/11/22,Tuesday,January,Jan,1,1,2022
20220112,1/12/22,Wednesday,January,Jan,1,1,2022
20220113,1/13/22,Thursday,January,Jan,1,1,2022
20220114,1/14/22,Friday,January,Jan,1,1,2022
20220115,1/15/22,Saturday,January,Jan,1,1,2022
20220116,1/16/22,Sunday,January,Jan,1,1,2022
20220117,1/17/22,Monday,January,Jan,1,1,2022
20220118,1/18/22,Tuesday,January,Jan,1,1,2022
20220119,1/19/22,Wednesday,January,Jan,1,1,2022
20220120,1/20/22,Thursday,January,Jan,1,1,2022
20220121,1/21/22,Friday,January,Jan,1,1,2022
20220122,1/22/22,Saturday,January,Jan,1,1,2022
20220123,1/23/22,Sunday,January,Jan,1,1,2022
20220124,1/24/22,Monday,January,Jan,1,1,2022
20220125,1/25/22,Tuesday,January,Jan,1,1,2022
20220126,1/26/22,Wednesday,January,Jan,1,1,2022
20220127,1/27/22,Thursday,January,Jan,1,1,2022
20220128,1/28/22,Friday,January,Jan,1,1,2022
20220129,1/29/22,Saturday,January,Jan,1,1,2022
20220130,1/30/22,Sunday,January,Jan,1,1,2022
20220131,1/31/22,Monday,January,Jan,1,1,2022
20220201,2/01/22,Tuesday,February,Feb,2,1,2022
20220202,2/02/22,Wednesday,February,Feb,2,1,2022
20220203,2/03/22,Thursday,February,Feb,2,1,2022
20220204,2/04/22,Friday,February,Feb,2,1,2022
20220205,2/05/22,Saturday,February,Feb,2,1,2022
20220206,2/06/22,Sunday,February,Feb,2,1,2022
20220207,2/07/22,Monday,February,Feb,2,1,2022
20220208,2/08/22,Tuesday,February,Feb,2,1,2022
20220209,2/09/22,Wednesday,February,Feb,2,1,2022
20220210,2/10/22,Thursday,February,Feb,2,1,2022
20220211,2/11/22,Friday,February,Feb,2,1,2022
20220212,2/12/22,Saturday,February,Feb,2,1,2022
20220213,2/13/22,Sunday,February,Feb,2,1,2022
20220214,2/14/22,Monday,February,Feb,2,1,2022
20220215,2/15/22,Tuesday,February,Feb,2,1,2022
20220216,2/16/22,Wednesday,February,Feb,2,1,2022
20220217,2/17/22,Thursday,February,Feb,2,1,2022
20220218,2/18/22,Friday,February,Feb,2,1,2022
20220219,2/19/22,Saturday,February,Feb,2,1,2022
20220220,2/20/22,Sunday,February,Feb,2,1,2022
20220221,2/21/22,Monday,February,Feb,2,1,2022
20220222,2/22/22,Tuesday,February,Feb,2,1,2022
20220223,2/23/22,Wednesday,February,Feb,2,1,2022
20220224,2/24/22,Thursday,February,Feb,2,1,2022
20220225,2/25/22,Friday,February,Feb,2,1,2022
20220226,2/26/22,Saturday,February,Feb,2,1,2022
20220227,2/27/22,Sunday,February,Feb,2,1,2022
20220228,2/28/22,Monday,February,Feb,2,1,2022
20220301,3/01/22,Tuesday,March,Mar,3,1,2022
20220302,3/02/22,Wednesday,March,Mar,3,1,2022
20220303,3/03/22,Thursday,March,Mar,3,1,2022
20220304,3/04/22,Friday,March,Mar,3,1,2022
20220305,3/05/22,Saturday,March,Mar,3,1,2022
20220306,3/06/22,Sunday,March,Mar,3,1,2022
20220307,3/07/22,Monday,March,Mar,3,1,2022
20220308,3/08/22,Tuesday,March,Mar,3,1,2022
20220309,3/09/22,Wednesday,March,Mar,3,1,2022
20220310,3/10/22,Thursday,March,Mar,3,1,2022
20220311,3/11/22,Friday,March,Mar,3,1,2022
20220312,3/12/22,Saturday,March,Mar,3,1,2022
20220313,3/13/22,Sunday,March,Mar,3,1,2022
20220314,3/14/22,Monday,March,Mar,3,1,2022
20220315,3/15/22,Tuesday,March,Mar,3,1,2022
20220316,3/16/22,Wednesday,March,Mar,3,1,2022
20220317,3/17/22,Thursday,March,Mar,3,1,2022
20220318,3/18/22,Friday,March,Mar,3,1,2022
20220319,3/19/22,Saturday,March,Mar,3,1,2022
20220320,3/20/22,Sunday,March,Mar,3,1,2022
20220321,3/21/22,Monday,March,Mar,3,1,2022
20220322,3/22/22,Tuesday,March,Mar,3,1,2022
20220323,3/23/22,Wednesday,March,Mar,3,1,2022
20220324,3/24/22,Thursday,March,Mar,3,1,2022
20220325,3/25/22,Friday,March,Mar,3,1,2022
20220326,3/26/22,Saturday,March,Mar,3,1,2022
20220327,3/27/22,Sunday,March,Mar,3,1,2022
20220328,3/28/22,Monday,March,Mar,3,1,2022
20220329,3/29/22,Tuesday,March,Mar,3,1,2022
20220330,3/30/22,Wednesday,March,Mar,3,1,2022
20220331,3/31/22,Thursday,March,Mar,3,1,2022
20220401,4/01/22,Friday,April,Apr,4,2,2022
20220402,4/02/22,Saturday,April,Apr,4,2,2022
20220403,4/03/22,Sunday,April,Apr,4,2,2022
20220404,4/04/22,Monday,April,Apr,4,2,2022
20220405,4/05/22,Tuesday,April,Apr,4,2,2022
20220406,4/06/22,Wednesday,April,Apr,4,2,2022
20220407,4/07/22,Thursday,April,Apr,4,2,2022
20220408,4/08/22,Friday,April,Apr,4,2,2022
20220409,4/09/22,Saturday,April,Apr,4,2,2022
20220410,4/10/22,Sunday,April,Apr,4,2,2022
20220411,4/11/22,Monday,April,Apr,4,2,2022
20220412,4/12/22,Tuesday,April,Apr,4,2,2022
20220413,4/13/22,Wednesday,April,Apr,4,2,2022
20220414,4/14/22,Thursday,April,Apr,4,2,2022
20220415,4/15/22,Friday,April,Apr,4,2,2022
20220416,4/16/22,Saturday,April,Apr,4,2,2022
20220417,4/17/22,Sunday,April,Apr,4,2,2022
20220418,4/18/22,Monday,April,Apr,4,2,2022
20220419,4/19/22,Tuesday,April,Apr,4,2,2022
20220420,4/20/22,Wednesday,April,Apr,4,2,2022
20220421,4/21/22,Thursday,April,Apr,4,2,2022
20220422,4/22/22,Friday,April,Apr,4,2,2022
20220423,4/23/22,Saturday,April,Apr,4,2,2022
20220424,4/24/22,Sunday,April,Apr,4,2,2022
20220425,4/25/22,Monday,April,Apr,4,2,2022
20220426,4/26/22,Tuesday,April,Apr,4,2,2022
20220427,4/27/22,Wednesday,April,Apr,4,2,2022
20220428,4/28/22,Thursday,April,Apr,4,2,2022
20220429,4/29/22,Friday,April,Apr,4,2,2022
20220430,4/30/22,Saturday,April,Apr,4,2,2022
20220501,5/01/22,Sunday,May,May,5,2,2022
20220502,5/02/22,Monday,May,May,5,2,2022
20220503,5/03/22,Tuesday,May,May,5,2,2022
20220504,5/04/22,Wednesday,May,May,5,2,2022
20220505,5/05/22,Thursday,May,May,5,2,2022
20220506,5/06/22,Friday,May,May,5,2,2022
20220507,5/07/22,Saturday,May,May,5,2,2022
20220508,5/08/22,Sunday,May,May,5,2,2022
20220509,5/09/22,Monday,May,May,5,2,2022
20220510,5/10/22,Tuesday,May,May,5,2,2022
20220511,5/11/22,Wednesday,May,May,5,2,2022
20220512,5/12/22,Thursday,May,May,5,2,2022
20220513,5/13/22,Friday,May,May,5,2,2022
20220514,5/14/22,Saturday,May,May,5,2,2022
20220515,5/15/22,Sunday,May,May,5,2,2022
20220516,5/16/22,Monday,May,May,5,2,2022
20220517,5/17/22,Tuesday,May,May,5,2,2022
20220518,5/18/22,Wednesday,May,May,5,2,2022
20220519,5/19/22,Thursday,May,May,5,2,2022
20220520,5/20/22,Friday,May,May,5,2,2022
20220521,5/21/22,Saturday,May,May,5,2,2022
20220522,5/22/22,Sunday,May,May,5,2,2022
20220523,5/23/22,Monday,May,May,5,2,2022
20220524,5/24/22,Tuesday,May,May,5,2,2022
20220525,5/25/22,Wednesday,May,May,5,2,2022
20220526,5/26/22,Thursday,May,May,5,2,2022
20220527,5/27/22,Friday,May,May,5,2,2022
20220528,5/28/22,Saturday,May,May,5,2,2022
20220529,5/29/22,Sunday,May,May,5,2,2022
20220530,5/30/22,Monday,May,May,5,2,2022
20220531,5/31/22,Tuesday,May,May,5,2,2022
20220601,6/01/22,Wednesday,June,Jun,6,2,2022
20220602,6/02/22,Thursday,June,Jun,6,2,2022
20220603,6/03/22,Friday,June,Jun,6,2,2022
20220604,6/04/22,Saturday,June,Jun,6,2,2022
20220605,6/05/22,Sunday,June,Jun,6,2,2022
20220606,6/06/22,Monday,June,Jun,6,2,2022
20220607,6/07/22,Tuesday,June,Jun,6,2,2022
20220608,6/08/22,Wednesday,June,Jun,6,2,2022
20220609,6/09/22,Thursday,June,Jun,6,2,2022
20220610,6/10/22,Friday,June,Jun,6,2,2022
20220611,6/11/22,Saturday,June,Jun,6,2,2022
20220612,6/12/22,Sunday,June,Jun,6,2,2022
20220613,6/13/22,Monday,June,Jun,6,2,2022
20220614,6/14/22,Tuesday,June,Jun,6,2,2022
20220615,6/15/22,Wednesday,June,Jun,6,2,2022
20220616,6/16/22,Thursday,June,Jun,6,2,2022
20220617,6/17/22,Friday,June,Jun,6,2,2022
20220618,6/18/22,Saturday,June,Jun,6,2,2022
20220619,6/19/22,Sunday,June,Jun,6,2,2022
20220620,6/20/22,Monday,June,Jun,6,2,2022
20220621,6/21/22,Tuesday,June,Jun,6,2,2022
20220622,6/22/22,Wednesday,June,Jun,6,2,2022
20220623,6/23/22,Thursday,June,Jun,6,2,2022
20220624,6/24/22,Friday,June,Jun,6,2,2022
20220625,6/25/22,Saturday,June,Jun,6,2,2022
20220626,6/26/22,Sunday,June,Jun,6,2,2022
20220627,6/27/22,Monday,June,Jun,6,2,2022
20220628,6/28/22,Tuesday,June,Jun,6,2,2022
20220629,6/29/22,Wednesday,June,Jun,6,2,2022
20220630,6/30/22,Thursday,June,Jun,6,2,2022
20220701,7/01/22,Friday,July,Jul,7,3,2022
20220702,7/02/22,Saturday,July,Jul,7,3,2022
20220703,7/03/22,Sunday,July,Jul,7,3,2022
20220704,7/04/22,Monday,July,Jul,7,3,2022
20220705,7/05/22,Tuesday,July,Jul,7,3,2022
20220706,7/06/22,Wednesday,July,Jul,7,3,2022
20220707,7/07/22,Thursday,July,Jul,7,3,2022
20220708,7/08/22,Friday,July,Jul,7,3,2022
20220709,7/09/22,Saturday,July,Jul,7,3,2022
20220710,7/10/22,Sunday,July,Jul,7,3,2022
20220711,7/11/22,Monday,July,Jul,7,3,2022
20220712,7/12/22,Tuesday,July,Jul,7,3,2022
20220713,7/13/22,Wednesday,July,Jul,7,3,2022
20220714,7/14/22,Thursday,July,Jul,7,3,2022
20220715,7/15/22,Friday,July,Jul,7,3,2022
20220716,7/16/22,Saturday,July,Jul,7,3,2022
20220717,7/17/22,Sunday,July,Jul,7,3,2022
20220718,7/18/22,Monday,July,Jul,7,3,2022
20220719,7/19/22,Tuesday,July,Jul,7,3,2022
20220720,7/20/22,Wednesday,July,Jul,7,3,2022
20220721,7/21/22,Thursday,July,Jul,7,3,2022
20220722,7/22/22,Friday,July,Jul,7,3,2022
20220723,7/23/22,Saturday,July,Jul,7,3,2022
20220724,7/24/22,Sunday,July,Jul,7,3,2022
20220725,7/25/22,Monday,July,Jul,7,3,2022
20220726,7/26/22,Tuesday,July,Jul,7,3,2022
20220727,7/27/22,Wednesday,July,Jul,7,3,2022
20220728,7/28/22,Thursday,July,Jul,7,3,2022
20220729,7/29/22,Friday,July,Jul,7,3,2022
20220730,7/30/22,Saturday,July,Jul,7,3,2022
20220731,7/31/22,Sunday,July,Jul,7,3,2022
20220801,8/01/22,Monday,August,Aug,8,3,2022
20220802,8/02/22,Tuesday,August,Aug,8,3,2022
20220803,8/03/22,Wednesday,August,Aug,8,3,2022
20220804,8/04/22,Thursday,August,Aug,8,3,2022
20220805,8/05/22,Friday,August,Aug,8,3,2022
20220806,8/06/22,Saturday,August,Aug,8,3,2022
20220807,8/07/22,Sunday,August,Aug,8,3,2022
20220808,8/08/22,Monday,August,Aug,8,3,2022
20220809,8/09/22,Tuesday,August,Aug,8,3,2022
20220810,8/10/22,Wednesday,August,Aug,8,3,2022
20220811,8/11/22,Thursday,August,Aug,8,3,2022
20220812,8/12/22,Friday,August,Aug,8,3,2022
20220813,8/13/22,Saturday,August,Aug,8,3,2022
20220814,8/14/22,Sunday,August,Aug,8,3,2022
20220815,8/15/22,Monday,August,Aug,8,3,2022
20220816,8/16/22,Tuesday,August,Aug,8,3,2022
20220817,8/17/22,Wednesday,August,Aug,8,3,2022
20220818,8/18/22,Thursday,August,Aug,8,3,2022
20220819,8/19/22,Friday,August,Aug,8,3,2022
20220820,8/20/22,Saturday,August,Aug,8,3,2022
20220821,8/21/22,Sunday,August,Aug,8,3,2022
20220822,8/22/22,Monday,August,Aug,8,3,2022
20220823,8/23/22,Tuesday,August,Aug,8,3,2022
20220824,8/24/22,Wednesday,August,Aug,8,3,2022
20220825,8/25/22,Thursday,August,Aug,8,3,2022
20220826,8/26/22,Friday,August,Aug,8,3,2022
20220827,8/27/22,Saturday,August,Aug,8,3,2022
20220828,8/28/22,Sunday,August,Aug,8,3,2022
20220829,8/29/22,Monday,August,Aug,8,3,2022
20220830,8/30/22,Tuesday,August,Aug,8,3,2022
20220831,8/31/22,Wednesday,August,Aug,8,3,2022
20220901,9/01/22,Thursday,September,Sep,9,3,2022
20220902,9/02/22,Friday,September,Sep,9,3,2022
20220903,9/03/22,Saturday,September,Sep,9,3,2022
20220904,9/04/22,Sunday,September,Sep,9,3,2022
20220905,9/05/22,Monday,September,Sep,9,3,2022
20220906,9/06/22,Tuesday,September,Sep,9,3,2022
20220907,9/07/22,Wednesday,September,Sep,9,3,2022
20220908,9/08/22,Thursday,September,Sep,9,3,2022
20220909,9/09/22,Friday,September,Sep,9,3,2022
20220910,9/10/22,Saturday,September,Sep,9,3,2022
20220911,9/11/22,Sunday,September,Sep,9,3,2022
20220912,9/12/22,Monday,September,Sep,9,3,2022
20220913,9/13/22,Tuesday,September,Sep,9,3,2022
20220914,9/14/22,Wednesday,September,Sep,9,3,2022
20220915,9/15/22,Thursday,September,Sep,9,3,2022
20220916,9/16/22,Friday,September,Sep,9,3,2022
20220917,9/17/22,Saturday,September,Sep,9,3,2022
20220918,9/18/22,Sunday,September,Sep,9,3,2022
20220919,9/19/22,Monday,September,Sep,9,3,2022
20220920,9/20/22,Tuesday,September,Sep,9,3,2022
20220921,9/21/22,Wednesday,September,Sep,9,3,2022
20220922,9/22/22,Thursday,September,Sep,9,3,2022
20220923,9/23/22,Friday,September,Sep,9,3,2022
20220924,9/24/22,Saturday,September,Sep,9,3,2022
20220925,9/25/22,Sunday,September,Sep,9,3,2022
20220926,9/26/22,Monday,September,Sep,9,3,2022
20220927,9/27/22,Tuesday,September,Sep,9,3,2022
20220928,9/28/22,Wednesday,September,Sep,9,3,2022
20220929,9/29/22,Thursday,September,Sep,9,3,2022
20220930,9/30/22,Friday,September,Sep,9,3,2022
20221001,10/01/22,Saturday,October,Oct,10,4,2022
20221002,10/02/22,Sunday,October,Oct,10,4,2022
20221003,10/03/22,Monday,October,Oct,10,4,2022
20221004,10/04/22,Tuesday,October,Oct,10,4,2022
20221005,10/05/22,Wednesday,October,Oct,10,4,2022
20221006,10/06/22,Thursday,October,Oct,10,4,2022
20221007,10/07/22,Friday,October,Oct,10,4,2022
20221008,10/08/22,Saturday,October,Oct,10,4,2022
20221009,10/09/22,Sunday,October,Oct,10,4,2022
20221010,10/10/22,Monday,October,Oct,10,4,2022
20221011,10/11/22,Tuesday,October,Oct,10,4,2022
20221012,10/12/22,Wednesday,October,Oct,10,4,2022
20221013,10/13/22,Thursday,October,Oct,10,4,2022
20221014,10/14/22,Friday,October,Oct,10,4,2022
20221015,10/15/22,Saturday,October,Oct,10,4,2022
20221016,10/16/22,Sunday,October,Oct,10,4,2022
20221017,10/17/22,Monday,October,Oct,10,4,2022
20221018,10/18/22,Tuesday,October,Oct,10,4,2022
20221019,10/19/22,Wednesday,October,Oct,10,4,2022
20221020,10/20/22,Thursday,October,Oct,10,4,2022
20221021,10/21/22,Friday,October,Oct,10,4,2022
20221022,10/22/22,Saturday,October,Oct,10,4,2022
20221023,10/23/22,Sunday,October,Oct,10,4,2022
20221024,10/24/22,Monday,October,Oct,10,4,2022
20221025,10/25/22,Tuesday,October,Oct,10,4,2022
20221026,10/26/22,Wednesday,October,Oct,10,4,2022
20221027,10/27/22,Thursday,October,Oct,10,4,2022
20221028,10/28/22,Friday,October,Oct,10,4,2022
20221029,10/29/22,Saturday,October,Oct,10,4,2022
20221030,10/30/22,Sunday,October,Oct,10,4,2022
20221031,10/31/22,Monday,October,Oct,10,4,2022
20221101,11/01/22,Tuesday,November,Nov,11,4,2022
20221102,11/02/22,Wednesday,November,Nov,11,4,2022
20221103,11/03/22,Thursday,November,Nov,11,4,2022
20221104,11/04/22,Friday,November,Nov,11,4,2022
20221105,11/05/22,Saturday,November,Nov,11,4,2022
20221106,11/06/22,Sunday,November,Nov,11,4,2022
20221107,11/07/22,Monday,November,Nov,11,4,2022
20221108,11/08/22,Tuesday,November,Nov,11,4,2022
20221109,11/09/22,Wednesday,November,Nov,11,4,2022
20221110,11/10/22,Thursday,November,Nov,11,4,2022
20221111,11/11/22,Friday,November,Nov,11,4,2022
20221112,11/12/22,Saturday,November,Nov,11,4,2022
20221113,11/13/22,Sunday,November,Nov,11,4,2022
20221114,11/14/22,Monday,November,Nov,11,4,2022
20221115,11/15/22,Tuesday,November,Nov,11,4,2022
20221116,11/16/22,Wednesday,November,Nov,11,4,2022
20221117,11/17/22,Thursday,November,Nov,11,4,2022
20221118,11/18/22,Friday,November,Nov,11,4,2022
20221119,11/19/22,Saturday,November,Nov,11,4,2022
20221120,11/20/22,Sunday,November,Nov,11,4,2022
20221121,11/21/22,Monday,November,Nov,11,4,2022
20221122,11/22/22,Tuesday,November,Nov,11,4,2022
20221123,11/23/22,Wednesday,November,Nov,11,4,2022
20221124,11/24/22,Thursday,November,Nov,11,4,2022
20221125,11/25/22,Friday,November,Nov,11,4,2022
20221126,11/26/22,Saturday,November,Nov,11,4,2022
20221127,11/27/22,Sunday,November,Nov,11,4,2022
20221128,11/28/22,Monday,November,Nov,11,4,2022
20221129,11/29/22,Tuesday,November,Nov,11,4,2022
20221130,11/30/22,Wednesday,November,Nov,11,4,2022
20221201,12/01/22,Thursday,December,Dec,12,4,2022
20221202,12/02/22,Friday,December,Dec,12,4,2022
20221203,12/03/22,Saturday,December,Dec,12,4,2022
20221204,12/04/22,Sunday,December,Dec,12,4,2022
20221205,12/05/22,Monday,December,Dec,12,4,2022
20221206,12/06/22,Tuesday,December,Dec,12,4,2022
20221207,12/07/22,Wednesday,December,Dec,12,4,2022
20221208,12/08/22,Thursday,December,Dec,12,4,2022
20221209,12/09/22,Friday,December,Dec,12,4,2022
20221210,12/10/22,Saturday,December,Dec,12,4,2022
20221211,12/11/22,Sunday,December,Dec,12,4,2022
20221212,12/12/22,Monday,December,Dec,12,4,2022
20221213,12/13/22,Tuesday,December,Dec,12,4,2022
20221214,12/14/22,Wednesday,December,Dec,12,4,2022
20221215,12/15/22,Thursday,December,Dec,12,4,2022
20221216,12/16/22,Friday,December,Dec,12,4,2022
20221217,12/17/22,Saturday,December,Dec,12,4,2022
20221218,12/18/22,Sunday,December,Dec,12,4,2022
20221219,12/19/22,Monday,December,Dec,12,4,2022
20221220,12/20/22,Tuesday,December,Dec,12,4,2022
20221221,12/21/22,Wednesday,December,Dec,12,4,2022
20221222,12/22/22,Thursday,December,Dec,12,4,2022
20221223,12/23/22,Friday,December,Dec,12,4,2022
20221224,12/24/22,Saturday,December,Dec,12,4,2022
20221225,12/25/22,Sunday,December,Dec,12,4,2022
20221226,12/26/22,Monday,December,Dec,12,4,2022
20221227,12/27/22,Tuesday,December,Dec,12,4,2022
20221228,12/28/22,Wednesday,December,Dec,12,4,2022
20221229,12/29/22,Thursday,December,Dec,12,4,2022
20221230,12/30/22,Friday,December,Dec,12,4,2022
20221231,12/31/22,Saturday,December,Dec,12,4,2022
